Course Title,Department,Link,
ACCT1100: FINANCIAL ACCOUNTING I   ,Accounting,ACCT 1100,
ACCT1105: FINANCIAL ACCOUNTING II   ,Accounting,ACCT 1105,
ACCT1115: COMPUTERIZED ACCOUNTING   ,Accounting,ACCT 1115,
ACCT1120: SPREADSHEET APPLICATIONS   ,Accounting,ACCT 1120,
ACCT1125: INDIVIDUAL TAX ACCOUNTING   ,Accounting,ACCT 1125,
ACCT1130: PAYROLL ACCOUNTING   ,Accounting,ACCT 1130,
ACCT1140: SMALL BUSINESS ACCOUNTING   ,Accounting,ACCT 1140,
ACCT2000: MANAGERIAL ACCOUNTING   ,Accounting,ACCT 2000,
ACCT2100: ACCOUNTING INTERNSHIP I   ,Accounting,ACCT 2100,
ACCT2105: ACCOUNTING INTERNSHIP II   ,Accounting,ACCT 2105,
ACCT2120: BUSINESS TAX ACCOUNTING   ,Accounting,ACCT 2120,
ACCT2125: CAPSTONE FOR ACCOUNTING PRINCIPLES   ,Accounting,ACCT 2125,
ACCT2135: INTRODUCTION TO GOVERNMENTAL AND NONPROFIT ACCOUNTING   ,Accounting,ACCT 2135,
ACCT2140: LEGAL ENVIRONMENT OF BUSINESS   ,Accounting,ACCT 2140,
ACCT2145: PERSONAL FINANCE   ,Accounting,ACCT 2145,
AIRC1005: REFRIGERATION FUNDAMENTALS   ,Air Conditioning Technology,AIRC 1005,
AIRC1010: REFRIGERATIOPRINCIPLE&PRACTICE   ,Air Conditioning Technology,AIRC 1010,
AIRC1020: REFRIGERATION SYST COMPONENTS   ,Air Conditioning Technology,AIRC 1020,
AIRC1030: HVACR ELECTRICAL FUNDAMENTALS   ,Air Conditioning Technology,AIRC 1030,
AIRC1040: HVACR ELECTRICAL MOTORS   ,Air Conditioning Technology,AIRC 1040,
AIRC1050: HVACR ELCT COMPONENTS & CONTROL   ,Air Conditioning Technology,AIRC 1050,
AIRC1060: AIR COND SYSTEM APPL & INSTALL   ,Air Conditioning Technology,AIRC 1060,
AIRC1070: GAS HEAT   ,Air Conditioning Technology,AIRC 1070,
AIRC1080: HEAT PUMPS AND RELATED SYSTEMS   ,Air Conditioning Technology,AIRC 1080,
AIRC1090: TROUBLESHOOTING AIR COND SYST   ,Air Conditioning Technology,AIRC 1090,
PPFT1070: SPECIAL PIPING   ,Air Conditioning Technology,PPFT 1070,
ALHS1010: INTRODUCTION TO ANATOMY AND PHYSIOLOGY   ,Allied Health Sciences,ALHS 1010,
ALHS1011: ANATOMY AND PHYSIOLOGY   ,Allied Health Sciences,ALHS 1011,
ALHS1015: BASIC INORGANIC CHEMISTRY   ,Allied Health Sciences,ALHS 1015,
ALHS1040: INTRODUCTION TO HEALTHCARE   ,Allied Health Sciences,ALHS 1040,
ALHS1060: DIET AND NUTRITION FOR ALLIED HEALTH SCIENCES   ,Allied Health Sciences,ALHS 1060,
ALHS1090: MEDICAL TERMINOLOGY   ,Allied Health Sciences,ALHS 1090,
ALHS 1100: NURSE AIDE FUNDAMENTALS (NON-CERTIFICATION),Allied Health Sciences,ALHS 1100,
ALHS 1126: HEALTH SCIENCE PHYSICS,Allied Health Sciences,ALHS 1126,
ARTS1101: ART APPRECIATION   ,Art,ARTS 1101,
ACRP1000: INTRO.TO AUTO COLLISION REPAIR   ,Automotive Collision Repair,ACRP 1000,
ACRP1005: AUTO REPAIR & REPLACEMENT   ,Automotive Collision Repair,ACRP 1005,
ACRP1010: FOUNDATIONS COLLISION REPAIR   ,Automotive Collision Repair,ACRP 1010,
ACRP1015: FUNDAMENTALSOF AUTO WELDING   ,Automotive Collision Repair,ACRP 1015,
ACRP1017: MECHANICAL & ELECTRICAL SYS. I   ,Automotive Collision Repair,ACRP 1017,
ACRP1019: MECHANICAL&ELECTRICAL SYSTEMS   ,Automotive Collision Repair,ACRP 1019,
ACRP2001: INTRODUCTION TO AUTO PAINTING AND REFINISHING   ,Automotive Collision Repair,ACRP 2001,
ACRP2002: PAINTING AND REFINISHING TECHNIQUES   ,Automotive Collision Repair,ACRP 2002,
ACRP2009: REFINISHING INTERNSHIP,Automotive Collision Repair,ACRP 2009,
ACRP2010: MAJOR COLLISION REPAIR   ,Automotive Collision Repair,ACRP 2010,
ACRP2015: MAJOR COLLISION REPLACEMENTS   ,Automotive Collision Repair,ACRP 2015,
ACRP2019: MAJOR COLLISION REPAIR INTERN   ,Automotive Collision Repair,ACRP 2019,
AUTT1010: AUTOMOTIVE TECHNOLOGY INTRO   ,Automotive Technology,AUTT 1010,
AUTT1020: AUTOMOTIVE ELECTRICAL SYSTEMS   ,Automotive Technology,AUTT 1020,
AUTT1030: AUTOMOTIVE BRAKE SYSTEMS   ,Automotive Technology,AUTT 1030,
AUTT1040: AUTOMOTIVE ENGINE PERFORMANCE   ,Automotive Technology,AUTT 1040,
AUTT1050: AUTO SUSPENSION&STEERING SYST   ,Automotive Technology,AUTT 1050,
AUTT1060: AUTOMOTIVE CLIMATE CTRL SYST   ,Automotive Technology,AUTT 1060,
AUTT2010: AUTOMOTIVE ENGINE REPAIR   ,Automotive Technology,AUTT 2010,
AUTT2020: AUTOMOTIVE MANUAL DRIVE TRAIN AND AXLES   ,Automotive Technology,AUTT 2020,
AUTT2030: AUTOMOTIVE AUTOMATIC TRANSMISSIONS AND TRANSAXLES   ,Automotive Technology,AUTT 2030,
AVMT1000: AVIATION MATHEMATICS   ,Aviation Maintenance Technology,AVMT 1000,
AVMT1001: AVIATION MATHEMATICS,Aviation Maintenance Technology,AVMT 1001,
AVMT1010: AIRCRAFT MAINTENANCE REGULATIONS,Aviation Maintenance Technology,AVMT 1010,
AVMT1011: AIRCRAFT MAINTENANCE REGULATIONS   ,Aviation Maintenance Technology,AVMT 1011,
AVMT1020: AIRCRAFT APPLIED SCIENCES I,Aviation Maintenance Technology,AVMT 1020,
AVMT1021: AIRCRAFT APPLIED SCIENCES I   ,Aviation Maintenance Technology,AVMT 1021,
AVMT1025: AIRCRAFT APPLIED SCIENCES II,Aviation Maintenance Technology,AVMT 1025,
AVMT1026: AIRCRAFT APPLIED SCIENCES II   ,Aviation Maintenance Technology,AVMT 1026,
AVMT1030: AIRCRAFT ELECTRICITY AND ELECTRONICS,Aviation Maintenance Technology,AVMT 1030,
AVMT1031: AIRCRAFT ELECTRICITY AND ELECTRONICS   ,Aviation Maintenance Technology,AVMT 1031,
AVMT1210: AVIATION PHYSICS,Aviation Maintenance Technology,AVMT 1210,
AVMT1211: AVIATION PHYSICS   ,Aviation Maintenance Technology,AVMT 1211,
"AVMT2011: AIRCRAFT WOOD STRUCTURINGS, COVERINGS AND FINISHES",Aviation Maintenance Technology,AVMT 2011,
AVMT2020: AIRFRAME SHEET METAL,Aviation Maintenance Technology,AVMT 2020,
AVMT2021: AIRFRAME SHEET METAL   ,Aviation Maintenance Technology,AVMT 2021,
AVMT2025: AIRFRAME NON-METALLIC STRUCTURES,Aviation Maintenance Technology,AVMT 2025,
AVMT2026: AIRFRAME NON: METALLIC STRUCTURES   ,Aviation Maintenance Technology,AVMT 2026,
AVMT2030: AIRFRAME WELDING,Aviation Maintenance Technology,AVMT 2030,
AVMT2040: AIRFRAME ASSEMBLY AND RIGGING,Aviation Maintenance Technology,AVMT 2040,
AVMT2041: AIRFRAME ASSEMBLY AND RIGGING   ,Aviation Maintenance Technology,AVMT 2041,
AVMT2050: AIRFRAME INSPECTION,Aviation Maintenance Technology,AVMT 2050,
AVMT2051: AIRFRAME INSPECTION   ,Aviation Maintenance Technology,AVMT 2051,
AVMT2060: AIRCRAFT HYDRAULIC AND PNEUMATIC SYSTEMS,Aviation Maintenance Technology,AVMT 2060,
AVMT2061: AIRCRAFT HYDRAULIC AND PNEUMATIC SYSTEMS   ,Aviation Maintenance Technology,AVMT 2061,
AVMT2070: AIRCRAFT LANDING GEAR SYSTEMS,Aviation Maintenance Technology,AVMT 2070,
AVMT2071: AIRCRAFT LANDING GEAR SYSTEMS   ,Aviation Maintenance Technology,AVMT 2071,
AVMT2080: AIRCRAFT ENVIRONMENTAL CONTROL SYSTEMS,Aviation Maintenance Technology,AVMT 2080,
AVMT2081: AIRCRAFT ENVIRONMENTAL CONTROL SYSTEMS   ,Aviation Maintenance Technology,AVMT 2081,
AVMT2086: AIRCRAFT FUEL AND INSTRUMENT SYSTEMS   ,Aviation Maintenance Technology,AVMT 2086,
AVMT2090: AIRCRAFTT ELECTRICAL SYSTEMS,Aviation Maintenance Technology,AVMT 2090,
AVMT2091: AIRCRAFT ELECTRICAL SYSTEMS   ,Aviation Maintenance Technology,AVMT 2091,
AVMT2095: AIRCRAFT COMMUNICATION AND NAVIGATION SYSTEMS   ,Aviation Maintenance Technology,AVMT 2095,
AVMT2096: AIRCRAFT COMMUNICATION AND NAVIGATION SYSTEMS   ,Aviation Maintenance Technology,AVMT 2096,
AVMT2211: RECIPROCATING ENGINE POWERPLANTS   ,Aviation Maintenance Technology,AVMT 2211,
AVMT2231: GAS TURBINE POWERPLANTS   ,Aviation Maintenance Technology,AVMT 2231,
AVMT2251: AIRCRAFT ENGINE INSPECTION   ,Aviation Maintenance Technology,AVMT 2251,
AVMT2261: AIRCRAFT ENGINE FUEL & FUEL METERING SYSTEMS   ,Aviation Maintenance Technology,AVMT 2261,
AVMT2271: POWERPLANT INSTRUMENTS FIRE PROTECTION AND ELECTRICAL SYSTEMS   ,Aviation Maintenance Technology,AVMT 2271,
AVMT2276: POWERPLANT IGNITION & STARTING SYSTEMS   ,Aviation Maintenance Technology,AVMT 2276,
AVMT2281: AIRCRAFT POWERPLANT ACCESSORY SYSTEMS   ,Aviation Maintenance Technology,AVMT 2281,
AVMT2286: AIRCRAFT PROPELLER SYSTEMS   ,Aviation Maintenance Technology,AVMT 2286,
AVIO1000: INTRODUCTION TO AIRCRAFT AND AVIATION FUNDAMENTALS   ,Avionics Maintenance,AVIO 1000,
AVIO1010: BASIC ELECTRONICS   ,Avionics Maintenance,AVIO 1010,
AVIO1015: BASIC AIRCRAFT ELECTRICITY   ,Avionics Maintenance,AVIO 1015,
AVIO1020: AVIONICS MAINTENANCE PRACTICES   ,Avionics Maintenance,AVIO 1020,
AVIO1025: BASIC AIRCRAFT ELECTRICAL WIRING AND TROUBLESHOOTING   ,Avionics Maintenance,AVIO 1025,
AVIO1030: ADVANCED ELECTIONCS   ,Avionics Maintenance,AVIO 1030,
AVIO1040: DIGITAL ELETCROINCS   ,Avionics Maintenance,AVIO 1040,
AVIO1060: AIRCRAFT LOGIC SYSTEMS   ,Avionics Maintenance,AVIO 1060,
AVIO1070: AIRCRAFT COMMUICATIONS SYSTEM   ,Avionics Maintenance,AVIO 1070,
AVIO1080: NAVIAGATION SYSYTEM   ,Avionics Maintenance,AVIO 1080,
AVIO1090: FLIGHT DIRECTOR AND AUTO PILOT   ,Avionics Maintenance,AVIO 1090,
AVIO2000: AIRCRAFT NAVIGATION COMMUNICATION AND AVIONIC SYSTEMS   ,Avionics Maintenance,AVIO 2000,
AVIO2010: ADVANCE AIRCRAFT ELECTRICITY   ,Avionics Maintenance,AVIO 2010,
AVIO2020: ADVANCE AIRCRAFT WIRING AND TROUBLESHOOTING   ,Avionics Maintenance,AVIO 2020,
BARB1000: INTRO TO BARBER/STYLING   ,Barbering,BARB 1000,
BARB1010: STERLIZATION SANITATION   ,Barbering,BARB 1010,
BARB1022: HAIRCUTTING AND SHAMPOOING I   ,Barbering,BARB 1022,
BARB1024: HAIRCUTTING AND SHAMPOOING II   ,Barbering,BARB 1024,
BARB1030: HAIRCUTTING BASIC STYLING   ,Barbering,BARB 1030,
BARB1040: SHAVING   ,Barbering,BARB 1040,
BARB1050: ANATOMY AND PHYSIOLOGY   ,Barbering,BARB 1050,
BARB1060: INTRO TO COLOR APPLICATION   ,Barbering,BARB 1060,
BARB1070: CHEMICAL RESTRUCTURING OF HAIR,Barbering,BARB 1070,
BARB1072: INTRODUCTION TO CHEMICAL RESTRUCTURING OF HAIR   ,Barbering,BARB 1072,
BARB1074: ADVANCED CHEMICAL RESTRUCTURING OF HAIR   ,Barbering,BARB 1074,
BARB1080: ADVANCED HAIRCUTTING AND STYLING,Barbering,BARB 1080,
BARB1082: ADVANCED HAIRCUTTING & STYLING I   ,Barbering,BARB 1082,
BARB1084: ADVANCED HAIRCUTTING & STYLING II,Barbering,BARB 1084,
BARB1090: SKIN SCALP & FACIAL TREATMENTS,Barbering,BARB 1090,
BARB1100: BARBERING/STYLING PRACTICUM   ,Barbering,BARB 1100,
BARB1110: SHOP MANAGEMENT/OWNERSHIP   ,Barbering,BARB 1110,
BARB2010: INTRODUCTION & APPLICATION TO BARBER INSTRUCTION,Barbering,BARB 2010,
BARB2020: PROGRAM DEVELOPMENT   ,Barbering,BARB 2020,
BARB2030: CLASSROOM/LAB MANAGEMENT   ,Barbering,BARB 2030,
BARB2040: TEACHING SKILLS AND TECHNIQUES   ,Barbering,BARB 2040,
BARB2050: BARBERING PRACTICUM I   ,Barbering,BARB 2050,
BARB2060: BARBERING PRACTICUM II   ,Barbering,BARB 2060,
BIOL1111: BIOLOGY I LAB   ,Biology,BIOL 1111,
BIOL1111: BIOLOGY I   ,Biology,BIOL 1111L,
BIOL2113: ANATOMY AND PHYSIOLOGY I   ,Biology,BIOL 2113,
BIOL2113L: ANATOMY AND PHYSIOLOGY I LAB   ,Biology,BIOL 2113L,
BIOL2114: ANATOMY AND PHYSIOLOGY II,Biology,BIOL 2114,
BIOL2114L: ANATOMY AND PHYSIOLOGY II LAB,Biology,BIOL 2114L,
BIOL2117: INTRODUCTORY MICROBIOLOGY,Biology,BIOL 2117,
BIOL2117L: INTRODUCTORY MICROBIOLOGY LAB,Biology,BIOL 2117L,
BIOL2210: CELL BIOLOGY AND IMMUNOLOGY,Biology,BIOL 2210,
BIOL2210L: CELL BIOLOGY AND IMMUNOLOGY LAB,Biology,BIOL 2210L,
BIOL2250: APPLIED BIOTECHNOLOGY INTERNSHIP,Biology,BIOL 2250,
BIOL2300: BIOLOGICAL RESEARCH,Biology,BIOL 2300,
BSCI1111: INTRODUCTION TO BIOSCIENCE   ,Bioscience,BSCI 1111,
BSCI1211: REGULATORY COMPLIANCE   ,Bioscience,BSCI 1211,
BSCI1212: VALIDATION DOCUMETNATION AND QUALITY ASSURANCE   ,Bioscience,BSCI 1212,
BSCI1220: FUNDAMENTALS OF BIOMANUFACTURING   ,Bioscience,BSCI 1220,
BSCI1230: ENVIRONMENTAL LABORATORY TESTING METHODS   ,Bioscience,BSCI 1230,
BSCI1240: POLLUTION AND REMEDIATION   ,Bioscience,BSCI 1240,
BSCI2220: NUCLEIC ACID CHEMISTRY ANALYSIS   ,Bioscience,BSCI 2220,
BSCI2230: METHODS OF PROTEINS ANALYSIS   ,Bioscience,BSCI 2230,
BSCI2290: INTEGRATIVE BIOLOGY   ,Bioscience,BSCI 2290,
BUSN1015: INTRO TO HEALTH REIMBURSEMENT   ,Business Technology,BUSN 1015,
BUSN1100: INTRODUCTION TO KEYBOARDING   ,Business Technology,BUSN 1100,
BUSN1190: DIGITAL TECHNOLOGIES IN BUSN   ,Business Technology,BUSN 1190,
BUSN1240: OFFICE PROCEDURES   ,Business Technology,BUSN 1240,
BUSN1250: RECORDS MANAGEMENT   ,Business Technology,BUSN 1250,
BUSN1300: INTRODUCTION TO BUSINESS   ,Business Technology,BUSN 1300,
BUSN1340: CUSTOMER SERVICES EFFECTIVENESS   ,Business Technology,BUSN 1340,
BUSN1400: WORD PROCESSING APPLICATIONS   ,Business Technology,BUSN 1400,
BUSN1410: SPREADSHEET CONCEPTS AND APPLICATIONS   ,Business Technology,BUSN 1410,
BUSN1420: DATABASE APPLICATIONS   ,Business Technology,BUSN 1420,
BUSN1430: DESKTOP PUBLISHING AND PRESENTATION APPLICATIONS   ,Business Technology,BUSN 1430,
BUSN1440: DOCUMENT PRODUCTION   ,Business Technology,BUSN 1440,
BUSN1450: COMPUTER APPLICATIONS FOR THE BUSINESS PROFESSIONAL   ,Business Technology,BUSN 1450,
BUSN1460: KEYBOARDING AND DOCUMENT FORMATTING   ,Business Technology,BUSN 1460,
BUSN1470: PROFESSIONAL COMMUNICATION SKILLS   ,Business Technology,BUSN 1470,
BUSN2130: EXPERT SPREADSHEET ANALYSIS   ,Business Technology,BUSN 2130,
BUSN2140: EXPERT WORD PROCESSING   ,Business Technology,BUSN 2140,
BUSN2150: SOCIAL MEDIA AND ELECTRONIC COMMUNICATION   ,Business Technology,BUSN 2150,
BUSN2160: ELECTRONIC MAIL APPLICATIONS   ,Business Technology,BUSN 2160,
BUSN2190: BUSINESS DOCUMENT PROOFREADING AND EDITING   ,Business Technology,BUSN 2190,
BUSN2200: OFFICE ACCOUNTING   ,Business Technology,BUSN 2200,
BUSN2210: APPLIED OFFICE PROCEDURES   ,Business Technology,BUSN 2210,
BUSN2240: BUSINESS ADMINISTRATIVE ASSISTANT INTERNSHIP I   ,Business Technology,BUSN 2240,
BUSN2250: BUSINESS ADMINISTRATIVE ASSISTANT INTERNSHIP II   ,Business Technology,BUSN 2250,
BUSN2290: APPLIED BUSINESS TECHNOLOGY   ,Business Technology,BUSN 2290,
BUSN2370: MEDICAL OFFICE BILLING/CODING/INSURANCE   ,Business Technology,BUSN 2370,
CARP1000: FUNDAMENTAL CARPENTRY SKILLS,Carpentry,CARP 1000,
CARP1015: STRUCTURAL FRAMING I   ,Carpentry,CARP 1015,
CARP1020: STRUCTURAL FRAMING II   ,Carpentry,CARP 1020,
CARP1025: INTERMEDIATE CARPENTRY TECHNIQUES   ,Carpentry,CARP 1025,
CARP1035: ADVANCED CARPENTRY I   ,Carpentry,CARP 1035,
CARP1055: ADVANCED CARPENTRY II   ,Carpentry,CARP 1055,
CARP1056: ADVANCED COMMERCIAL CARPENTRY   ,Carpentry,CARP 1056,
CARP1070: SITE LAYOUT FOOTING&FOUNDATION   ,Carpentry,CARP 1070,
CARP1105: FLOOR & WALL FRAMING   ,Carpentry,CARP 1105,
CARP1110: CEILING & ROOF FRAMING COVERING   ,Carpentry,CARP 1110,
CARP1112: EXTERIOR FINISHES AND TRIM   ,Carpentry,CARP 1112,
CARP1114: INTERIOR FINISHERS I   ,Carpentry,CARP 1114,
CARP1190: INTERIOR FINISHES II   ,Carpentry,CARP 1190,
CARP1260: STAIRS,Carpentry,CARP 1260,
CARP1310: DOORS AND DOOR HARDWARE   ,Carpentry,CARP 1310,
"CARP1320: SITE DEVELOPMENT, CONCRETE FORMING, AND RIGGING & REINFORCING",Carpentry,CARP 1320,
CARP1340: COMMERCIAL CARPENTRY INTERNSHIP - PRACTICUM  ,Carpentry,CARP 1340,
CARP1400: CARPETING INSTALLATION,Carpentry,CARP 1400,
CARP1405: RESILIENT FLOORING INSTALLATION   ,Carpentry,CARP 1405,
CARP1410: HARDWOOD FLOORING INSTALLATION   ,Carpentry,CARP 1410,
CARP1415: TILE FLOORING INSTALLATION (ON CAMPUS),Carpentry,CARP 1415,
CSSP1010: CENTRAL STERILE SUPPLY PROCESS    ,Central Sterile Supply Processing,CSSP 1010,
CSSP1020: CENTRAL STERILE SUPPLY PROCESSING TECHNICIAN PRACTICUM I   ,Central Sterile Supply Processing,CSSP 1020,
CSSP1022: CENTRAL STERILE SUPPLY PROCESSING TECHNICIAN PRACTICUM II   ,Central Sterile Supply Processing,CSSP 1022,
CTDL1010: FUNDAMENTALS OF COMM DRIVING   ,Central Sterile Supply Processing,CTDL 1010,
CTDL1020: COMBINATION VEHICLE BASIC OPERATION AND RANGE WORK,Central Sterile Supply Processing,CTDL 1020,
CTDL1030: COMBINATION VEHICLE ADVANCED OPERATIONS,Central Sterile Supply Processing,CTDL 1030,
CWDS1540: WORKING IN THE WAREHOUSING ENVIRONMENT,Certified Warehousing,CWDS 1540,
CWDS1560: WAREHOUSING CORE AND WORKFORCE SKILLS,Certified Warehousing,CWDS 1560,
CWDS1580: WAREHOUSING AND DISTRIBUTION PROCESS,Certified Warehousing,CWDS 1580,
CWDS1600: WAREHOUSING TECHNOLOGY SKILLS,Certified Warehousing,CWDS 1600,
CWDS1620: REPRESENTATIVE WAREHOUSE SKILLS,Certified Warehousing,CWDS 1620,
CHEM1151: SURVEY OF INORGANIC CHEMISTRY,Chemistry,CHEM 1151,
CHEM1151L: SURVEY OF INORGANIC CHEMISTRY LAB,Chemistry,CHEM 1151L,
CHEM1211: CHEMISTRY I,Chemistry,CHEM 1211,
CHEM1211L: CHEMISTRY I LAB,Chemistry,CHEM 1211L,
CHEM1212: CHEMISTRY II,Chemistry,CHEM 1212,
CHEM1212L: CHEMISTRY II LAB,Chemistry,CHEM 1212L,
CHEM2211: ORGANIC CHEMISTRY I,Chemistry,CHEM 2211,
CHEM2211L: ORGANIC CHEMISTRY I LAB,Chemistry,CHEM 2211L,
CHEM2212: ORGANIC CHEMISTRY II,Chemistry,CHEM 2212,
CHEM2212L: ORGANIC CHEMISTRY II LAB,Chemistry,CHEM 2212L,
CHEM2300: QUANTITATIVE ANALYSIS   ,Chemistry,CHEM 2300,
CHEM2300L: QUANTITATIVE ANALYSIS LAB,Chemistry,CHEM 2300L,
DRFT2000: PUBLIC WORKS INFRASTRUCTURE,Civil Drafting Specialization,DRFT 2000,
DRFT2005: PLAN READING,Civil Drafting Specialization,DRFT 2005,
DRFT2010: CONSTRUCTION MATERIALS,Civil Drafting Specialization,DRFT 2010,
DRFT2020: CONSTRUCTION MATERIALS & COST ESTIMATING,Civil Drafting Specialization,DRFT 2020,
DRFT2030: PROJECT MANAGEMENT,Civil Drafting Specialization,DRFT 2030,
DRFT2040: HIGHWAY DESIGN,Civil Drafting Specialization,DRFT 2040,
DRFT2050: SURVEYING I    ,Civil Drafting Specialization,DRFT 2050,
DRFT2060: ROUTE LOCATION AND DESIGN,Civil Drafting Specialization,DRFT 2060,
DRFT2070: CIVIL TECH INTERNSHIP,Civil Drafting Specialization,DRFT 2070,
CETC1111: FUNDAMENTALS OF HYDROLOGY    ,Civil Engineering Technology,CETC 1111,
CETC1112: FUNDAMENTALS OF SOIL MECHANICS    ,Civil Engineering Technology,CETC 1112,
CETC1113: ENGINEERING ECONOMICS    ,Civil Engineering Technology,CETC 1113,
CETC1114: INTER. COMPUTER AIDED DESIGN    ,Civil Engineering Technology,CETC 1114,
CETC1115: ADVANCED COMPUTER AIDED DESIGN,Civil Engineering Technology,CETC 1115,
CETC1116: SURVEYING II    ,Civil Engineering Technology,CETC 1116,
CETC1117: FUNDAMENTALS OF ROAD DESIGN    ,Civil Engineering Technology,CETC 1117,
CETC1118: CONSTRUCTION MATERIALS,Civil Engineering Technology,CETC 1118,
CETC1119: SURVEYING WITH GLOBAL POSITIONING SYSTEMS,Civil Engineering Technology,CETC 1119,
CETC1120: EVIDENCE & PROCEDURES FOR BOUNDARY LOCATIONS,Civil Engineering Technology,CETC 1120,
CETC1121: FUNDAMENTALS OF HYDROLOGY    ,Civil Engineering Technology,CETC 1121,
MEGT2030: STATICS   ,Civil Engineering Technology,MEGT 2030,
MEGT2080: STRENGTH OF MATERIALS   ,Civil Engineering Technology,MEGT 2080,
IMSA1100: CLINICAL PRACTICE   ,Nursing and Related Programs,IMSA 1100,
CIST1001: COMPUTER CONCEPTS   ,Computer Information Systems,CIST 1001,
CIST1121: MICROCOMPUTER TROUBLESHOOTING   ,Computer Information Systems,CIST 1121,
CIST1122: HARDWARE INSTALL&MAINTENANCE   ,Computer Information Systems,CIST 1122,
CIST1130: OPERATING SYSTEMS CONCEPTS   ,Computer Information Systems,CIST 1130,
CIST1200: DATABASE MANAGEMENT   ,Computer Information Systems,CIST 1200,
CIST1210: INTRODUCTION TO ORACLE DATABASES   ,Computer Information Systems,CIST 1210,
CIST1220: STRUCTURED QUERY LANGUAGE SQL   ,Computer Information Systems,CIST 1220,
CIST1305: PROGRAM DESIGN AND DEVELOPMENT   ,Computer Information Systems,CIST 1305,
CIST1401: COMPUTER NETWORKING FUNDAMENTALS   ,Computer Information Systems,CIST 1401,
CIST1510: WEB DEVELOPMENT I   ,Computer Information Systems,CIST 1510,
CIST1601: INFO. SECURITY FUNDAMENTALS   ,Computer Information Systems,CIST 1601,
CIST1602: SECURITY POLICIES AND PROCEDURES   ,Computer Information Systems,CIST 1602,
CIST2122: A+ PREPARATION   ,Computer Information Systems,CIST 2122,
CIST2212: ORACLE DATABASE ADMIN I   ,Computer Information Systems,CIST 2212,
CIST2214: ORACLE DATABASE ADMINISTRATION II   ,Computer Information Systems,CIST 2214,
CIST2216: ORACLE ADVANCED TOPICS   ,Computer Information Systems,CIST 2216,
CIST2222: ADMINISTERING MICROSFT SQL SERVER   ,Computer Information Systems,CIST 2222,
CIST2224: DESIGNING AND IMPLMENTING DATABASE WITH MICROSOFT SQL SERVER   ,Computer Information Systems,CIST 2224,
CIST2311: VISUAL BASIC I,Computer Information Systems,CIST 2311,
CIST2312: VISUAL BASIC II,Computer Information Systems,CIST 2312,
CIST2313: VISUAL BASIC III,Computer Information Systems,CIST 2313,
CIST2341: C# PROGRAMMING I   ,Computer Information Systems,CIST 2341,
CIST2342: C# PROGRAMMING II    ,Computer Information Systems,CIST 2342,
CIST2343: C# PROGRAMMING III    ,Computer Information Systems,CIST 2343,
CIST2351: PHP PROGRAMMING I   ,Computer Information Systems,CIST 2351,
CIST2352: PHP PROGRAMMING II,Computer Information Systems,CIST 2352,
CIST2361: C++ PROGRAMMING I   ,Computer Information Systems,CIST 2361,
CIST2362: C++ PROGRAMMING II   ,Computer Information Systems,CIST 2362,
CIST2371: JAVA PROGRAMMING I,Computer Information Systems,CIST 2371,
CIST2372: JAVA PROGRAMMING II  ,Computer Information Systems,CIST 2372,
CIST2373: JAVA PROGRAMMING III  ,Computer Information Systems,CIST 2373,
CIST 2381: MOBILE APPLICATION DEVELOPMENT   ,Computer Information Systems,CIST 2381,
CIST2411: MICROSOFT CLIENT   ,Computer Information Systems,CIST 2411,
CIST2412: MICROSOFT SERVER DIRECTORY SERVICES   ,Computer Information Systems,CIST 2412,
CIST2413: MICROSOFT SERVER INFRASTRUCTURE   ,Computer Information Systems,CIST 2413,
CIST2414: WINDOWS SERVER ADMINISTRATORS   ,Computer Information Systems,CIST 2414,
CIST2420: MICROSOFT EXCHANGE SERVER,Computer Information Systems,CIST 2420,
CIST2431: UNIX/LINUX INTRODUCTION   ,Computer Information Systems,CIST 2431,
CIST2432: UNIX/LINUX SERVER   ,Computer Information Systems,CIST 2432,
CIST2433: UNIX/LINUX   ,Computer Information Systems,CIST 2433,
CIST2434: UNIX/LINUX SCRIPTING   ,Computer Information Systems,CIST 2434,
CIST2451: INTRODUCTION TO NETWORKS: CISCO   ,Computer Information Systems,CIST 2451,
CIST2452: CISCO ROUTING AND SWITCHING ESSENTIALS   ,Computer Information Systems,CIST 2452,
CIST2453: ENTERPRISE NET/SEC/AUTOMATION   ,Computer Information Systems,CIST 2453,
CIST2454: CISCO CONNECTING NETWORKS   ,Computer Information Systems,CIST 2454,
CIST2480: AWS CLOUD FOUNDATIONS    ,Computer Information Systems,CIST 2480,
CIST2481: AWS CLOUD ARCHITECTING   ,Computer Information Systems,CIST 2481,
CIST2482: AWS CLOUD DEVELOPING,Computer Information Systems,CIST 2482,
CIST2483: AWS DATA ANALYTICS,Computer Information Systems,CIST 2483,
CIST2484: AWS CLOUD OPERATIONS,Computer Information Systems,CIST 2484,
CIST2601: IMPLEMENTING OPERATING SYSTEMS   ,Computer Information Systems,CIST 2601,
CIST2602: NETWORK SECURITY   ,Computer Information Systems,CIST 2602,
CIST2611: NETWORK DEFENSE & COUNTERMEASURES   ,Computer Information Systems,CIST 2611,
CIST2612: COMPUTER FORENSICS   ,Computer Information Systems,CIST 2612,
CIST2613: ETHICAL HACKING AND TESTING   ,Computer Information Systems,CIST 2613,
CIST2742: BEGINNING PYTHON PROGRAMMING   ,Computer Information Systems,CIST 2742,
CIST2921: IT ANALYSIS DESIGN AND PROJECT MANAGEMENT   ,Computer Information Systems,CIST 2921,
CCMN1050: COMMERCIAL BUILDING CODE   ,Construction Management,CCMN 1050,
CCMN1060: CONSTRUCTION ESTIMATING I   ,Construction Management,CCMN 1060,
CCMN2010: CONSTRUCTION LAW   ,Construction Management,CCMN 2010,
CCMN2200: CONSTRUCTION SCHEDULING   ,Construction Management,CCMN 2200,
CMTT2010: RESIDENTIAL ESTIMATING REVIEW   ,Construction Management,CMTT 2010,
CMTT2020: CONSTRUCTION DRAFTING I   ,Construction Management,CMTT 2020,
CMTT2050: RESIDENTIAL CODE REVIEW   ,Construction Management,CMTT 2050,
CMTT2130: COMP CONSTRUCTION SCHEDULING   ,Construction Management,CMTT 2130,
CMTT2170: CONSTRUCTION CONTRACTING   ,Construction Management,CMTT 2170,
COFC1000: SAFETY   ,Construction Management,COFC 1000,
COFC1010: INTRODUCTIONS TO CONSTRUCTION,Construction Management,COFC 1010,
COFC1011: OVERVIEW: BUILDING CONSTRUCTION   ,Construction Management,COFC 1011,
COFC1020: PROFESSIONAL TOOL USE AND SAFETY   ,Construction Management,COFC 1020,
COFC1030: MATERIALS AND FASTENERS   ,Construction Management,COFC 1030,
COFC1050: CONSTR PRINT READING FUND   ,Construction Management,COFC 1050,
COFC1080: CONSTRUCTION TRADES CORE   ,Construction Management,COFC 1080,
COMM1109: HUMAN COMMUNICATION,Construction Management,COMM 1109,
COMP1000: INTRODUCTION TO COMPUTERS   ,Cosmetology,COMP 1000,
COSM1000: INTRODUCTION TO COSMETOLOGY THEORY    ,Cosmetology,COSM 1000,
COSM1010: CHEMICAL TEXTURE SERVICES    ,Cosmetology,COSM 1010,
COSM1020: HAIR CARE AND TREATMENT   ,Cosmetology,COSM 1020,
COSM1030: HAIRCUTTING ,Cosmetology,COSM 1030,
COSM1040: STYLING   ,Cosmetology,COSM 1040,
COSM1050: HAIR COLOR   ,Cosmetology,COSM 1050,
COSM1060: FUNDAMENTALS OF SKIN CARE   ,Cosmetology,COSM 1060,
COSM1070: NAIL CARE AND ADVANCED TECHNIQUES   ,Cosmetology,COSM 1070,
COSM1080: PHYSICAL HAIR SERVICES PRACTICUM   ,Cosmetology,COSM 1080,
COSM1090: HAIR SERVICES PRACTICUM I   ,Cosmetology,COSM 1090,
COSM1100: HAIR SERVICES PRACTICUM II   ,Cosmetology,COSM 1100,
COSM1110: HAIR SERVICES PRACTIUM III   ,Cosmetology,COSM 1110,
COSM1115: HAIR SERVICES PRACTICUM IV   ,Cosmetology,COSM 1115,
COSM1120: SALON MANAGEMENT   ,Cosmetology,COSM 1120,
COSM1125: SKIN & NAIL CARE   ,Cosmetology,COSM 1125,
COSM1180: NAIL CARE I   ,Cosmetology,COSM 1180,
COSM1190: NAIL CARE II   ,Cosmetology,COSM 1190,
COSM2000: INSTRUCTIONAL THEORY AND DOCUMENTATION,Cosmetology,COSM 2000,
COSM2010: SALON MANAGEMENT   ,Cosmetology,COSM 2010,
COSM2020: PRINCIPLES OF TEACHING   ,Cosmetology,COSM 2020,
COSM2030: LESSON PLANS    ,Cosmetology,COSM 2030,
COSM2040: CLASSROOM MANAGEMENT    ,Cosmetology,COSM 2040,
COSM2050: INSTRUCTION AND EVALUATION    ,Cosmetology,COSM 2050,
COSM2060: PRACTICUM I,Cosmetology,COSM 2060,
COSM2070: PRACTICUM II,Cosmetology,COSM 2070,
CRJU1010: INTRODUCTION TO CRIMINAL JUSTICE   ,Criminal Justice Technology,CRJU 1010,
CRJU1030: CORRECTIONS   ,Criminal Justice Technology,CRJU 1030,
CRJU1040: PRINCIPLES OF LAW ENFORCEMENT   ,Criminal Justice Technology,CRJU 1040,
CRJU1043: PROBATION AND PAROLE   ,Criminal Justice Technology,CRJU 1043,
CRJU1052: CRIMINAL JUSTICE ADMINISTRATION   ,Criminal Justice Technology,CRJU 1052,
CRJU1062: METHODS OF CRIMINAL INVESTIGATION   ,Criminal Justice Technology,CRJU 1062,
CRJU1063: CRIME SCENE PROCESSING   ,Criminal Justice Technology,CRJU 1063,
CRJU1068: CRIMINAL LAW FOR CRIMINAL JUSTICE   ,Criminal Justice Technology,CRJU 1068,
CRJU1075: REPORT WRITING,Criminal Justice Technology,CRJU 1075,
CRJU1400: ETHICS AND CULTURAL PERSPECTIVES FOR CRIMINAL JUSTICE   ,Criminal Justice Technology,CRJU 1400,
CRJU2020: CONSTITUTIONAL LAW FOR CRIMINAL JUSTICE   ,Criminal Justice Technology,CRJU 2020,
CRJU2050: CRIMINAL PROCEDURE   ,Criminal Justice Technology,CRJU 2050,
CRJU2060: CRIMINOLOGY   ,Criminal Justice Technology,CRJU 2060,
CRJU2070: JUVENILE JUSTICE   ,Criminal Justice Technology,CRJU 2070,
CRJU2100: CRIMINAL JUSTICE EXTERNSHIP   ,Criminal Justice Technology,CRJU 2100,
CRJU2110: HOMELAND SECURITY   ,Criminal Justice Technology,CRJU 2110,
CRJU2201: CRIMINAL COURTS   ,Criminal Justice Technology,CRJU 2201,
CUUL1000: FUNDAMENTALS OF CULINARY ARTS   ,Culinary Arts,CUUL 1000,
CUUL1110: CULINARY SAFETY AND SANITATION   ,Culinary Arts,CUUL 1110,
CUUL1120: PRINCIPLES OF COOKING   ,Culinary Arts,CUUL 1120,
CUUL1129: FUNDAMENTALS OF RESTAURANT OPERATIONS,Culinary Arts,CUUL 1129,
CUUL1170: INTRO. TO CULINARY NUTRITION   ,Culinary Arts,CUUL 1170,
CUUL1220: BAKING PRINCIPLES   ,Culinary Arts,CUUL 1220,
CUUL1320: GARDE MANGER   ,Culinary Arts,CUUL 1320,
CUUL1370: CULINARY NUTRITION AND MENU DEVELOPMENT,Culinary Arts,CUUL 1370,
CUUL1400: BASIC NUTRITION   ,Culinary Arts,CUUL 1400,
CUUL2130: CULINARY PRACTICUM AND LEADERSHIP   ,Culinary Arts,CUUL 2130,
CUUL2160: CONTEMPORARY CUISINE   ,Culinary Arts,CUUL 2160,
CUUL2170: AMERICAN REGIONAL CUISINE    ,Culinary Arts,CUUL 2170,
CUUL2190: PRINCIPLES OF CULINARY LEADERDSHIP   ,Culinary Arts,CUUL 2190,
CUUL2250: ADVANCED BAKING PRINCIPLES   ,Culinary Arts,CUUL 2250,
DENA1010: BASIC HUMAN BIOLOGY   ,Dental Assisting,DENA 1010,
DENA1030: PREVENTIVE DENTISTRY   ,Dental Assisting,DENA 1030,
DENA1050: MICROBIOLOGY AND INFECTION CONTROL   ,Dental Assisting,DENA 1050,
DENA1070: ORAL PATHOLOGY AND THERAPEUTIC   ,Dental Assisting,DENA 1070,
DENA1080: DENTAL ANATOMY   ,Dental Assisting,DENA 1080,
DENA1090: DENTAL ASSISTING NATIONAL BOARD EXAMINATION PREP,Dental Assisting,DENA 1090,
DENA1340: DENTAL ASSISTING I: GENERAL CHAIRSIDE   ,Dental Assisting,DENA 1340,
DENA1350: DENTAL ASSISTING II: DENTAL SPECIALTIES AND EDDA SKILLS ,Dental Assisting,DENA 1350,
DENA1390: DENTAL RADIOLOGY   ,Dental Assisting,DENA 1390,
DENA1400: DENTAL PRACTICE MANAGEMENT   ,Dental Assisting,DENA 1400,
DENA1460: DENTAL PRACTICUM I   ,Dental Assisting,DENA 1460,
DENA1470: DENTAL PRACTICUM II   ,Dental Assisting,DENA 1470,
DENA1480: DENTAL PRACTICUM III (PRACTICUM)   ,Dental Assisting,DENA 1480,
DHYG1000: TOOTH ANATOMY & ROOT MORPHOLOGY   ,Dental Hygiene,DHYG 1000,
DHYG 1010: ORAL EMBROLOGY   ,Dental Hygiene,DHYG 1010,
DHYG 1020: HEAD AND NECK ANATOMY   ,Dental Hygiene,DHYG 1020,
DHYG1030: DENTAL MATERIALS   ,Dental Hygiene,DHYG 1030,
DHYG1040: PRECLINICAL LECTURE   ,Dental Hygiene,DHYG 1040,
DHYG1050: PRECLINICAL LAB   ,Dental Hygiene,DHYG 1050,
DHYG1070: RADIOLOGY LECTURE   ,Dental Hygiene,DHYG 1070,
DHYG1090: RADIOLOGY LAB   ,Dental Hygiene,DHYG 1090,
DHYG1110: CLINICAL DENTAL HYGIENE I LECTURE   ,Dental Hygiene,DHYG 1110,
DHYG1111: CLINICAL LAB   ,Dental Hygiene,DHYG 1111,
DHYG1206: PHARMACOLOGY   ,Dental Hygiene,DHYG 1206,
DHYG2010:CLINICAL II LECTURE   ,Dental Hygiene,DHYG 2010,
DHYG2020:CLINICAL II LAB   ,Dental Hygiene,DHYG 2020,
DHYG2050: ORAL PATHOLOGY   ,Dental Hygiene,DHYG 2050,
DHYG2070: COMMUNITY DENTAL HEALTH   ,Dental Hygiene,DHYG 2070,
DHYG2080: CLINICAL DENTAL HYGIENE III LECTURE   ,Dental Hygiene,DHYG 2080,
DHYG2090: CLINICAL DENTAL HYGIENE III LAB   ,Dental Hygiene,DHYG 2090,
DHYG2110: BIOCHEMISTRY AND NUTRITION FUNDAMENTALS FOR THE DENTAL HYGIENIST   ,Dental Hygiene,DHYG 2110,
DHYG 2130:CLINICAL IV LECTURE   ,Dental Hygiene,DHYG 2130,
DHYG 2140: CLINICAL IV LAB   ,Dental Hygiene,DHYG 2140,
DHYG 2200: PERIDONTOLOGY   ,Dental Hygiene,DHYG 2200,
DMPT1000: INTRODUCTION TO DESIGN AND MEDIA PRODUCTION   ,Design and Media Production,DMPT 1000,
DMPT1005: VECTOR GRAPHICS   ,Design and Media Production,DMPT 1005,
DMPT1010: RASTER IMAGING   ,Design and Media Production,DMPT 1010,
DMPT1015: DRAWING   ,Design and Media Production,DMPT 1015,
DMPT1020: INTRODUCTION TO PHOTOGRAPHY   ,Design and Media Production,DMPT 1020,
DMPT1025: PRODUCTION PHOTOGRAPHY   ,Design and Media Production,DMPT 1025,
DMPT1055: INTRO TO MEDIA TECHNOLOGY   ,Design and Media Production,DMPT 1055,
DMPT1600: INTRODUCTION TO VIDEO PRODUCTION   ,Design and Media Production,DMPT 1600,
DMPT2100: IDENTITY DESIGN   ,Design and Media Production,DMPT 2100,
DMPT2105: PAGE LAYOUT   ,Design and Media Production,DMPT 2105,
DMPT2110: PUBLICATION DESIGN   ,Design and Media Production,DMPT 2110,
DMPT2115: ADVERTISING AND PROMOTIONAL DESIGN   ,Design and Media Production,DMPT 2115,
DMPT2120: PREPRESS AND OUTPUT   ,Design and Media Production,DMPT 2120,
DMPT2125: ADVANCED RASTER IMAGING   ,Design and Media Production,DMPT 2125,
DMPT2130: ADV. VECTOR GRAPHICS   ,Design and Media Production,DMPT 2130,
DMPT2135: DOCUMENTARY PHOTOGRAPHY   ,Design and Media Production,DMPT 2135,
DMPT2400: BASIC 3D MODELING & ANIMATION    ,Design and Media Production,DMPT 2400,
DMPT2410: DIGITAL TEXTURE & LIGHTING   ,Design and Media Production,DMPT 2410,
DMPT2415: CHARACTER RIGGING   ,Design and Media Production,DMPT 2415,
DMPT2420: 3D PRODUCTION AND ANIMATION   ,Design and Media Production,DMPT 2420,
DMPT2600: BASIC VIDEO EDITING   ,Design and Media Production,DMPT 2600,
DMPT2605: INTRODUCTION TO VIDEO COMPOSITING AND BROADCAST ANIMATION   ,Design and Media Production,DMPT 2605,
DMPT2610: INTERMEDIATE VIDEO COMPOSITING AND BROADCAST ANIMATION   ,Design and Media Production,DMPT 2610,
DMPT2615 : INTERMEDIATE VIDEO EDITING   ,Design and Media Production,DMPT 2615,
DMPT2625: DVD AUTHORING,Design and Media Production,DMPT 2625,
DMPT2630: POST-PRODUCTION AUDIO   ,Design and Media Production,DMPT 2630,
DMPT2640: COLOR GRADING    ,Design and Media Production,DMPT 2640,
DMPT2650: VISUAL EFFECTS,Design and Media Production,DMPT 2650,
DMPT2660: SPECIAL PROJECTS,Design and Media Production,DMPT 2660,
DMPT2700: PORTRAITURE PHOTOGRAPHY   ,Design and Media Production,DMPT 2700,
DMPT2705: PHOTOGRAPHY II   ,Design and Media Production,DMPT 2705,
DMPT2800: INTERMEDIATE VIDEO PRODUCTION   ,Design and Media Production,DMPT 2800,
DMPT2805: NARRATIVE FILMMAKING   ,Design and Media Production,DMPT 2805,
DMPT2810: DOCUMENTARY FILMMAKING   ,Design and Media Production,DMPT 2810,
DMPT2905: PRACTICUM/INTERNSHIP II   ,Design and Media Production,DMPT 2905,
DMPT2930: EXIT REVIEW   ,Design and Media Production,DMPT 2930,
DIET1000: INTRO DIESEL TECH TOOLS&SAFETY   ,Diesel Equipment Technology,DIET 1000,
DIET1010: DIESEL ELCT&ELECTRONIC SYST   ,Diesel Equipment Technology,DIET 1010,
DIET1020: PREVENTIVE MAINTENANCE   ,Diesel Equipment Technology,DIET 1020,
DIET1030: DIESEL ENGINES   ,Diesel Equipment Technology,DIET 1030,
DIET1040: DIESEL TRUCK&HEAVY EQUIP HVAC   ,Diesel Equipment Technology,DIET 1040,
DIET2000: TRUCK STEERING&SUSPENSION SYST   ,Diesel Equipment Technology,DIET 2000,
DIET2010: TRUCK BRAKE SYSTEMS   ,Diesel Equipment Technology,DIET 2010,
DIET2020: TRUCK DRIVETRAINS   ,Diesel Equipment Technology,DIET 2020,
DIET2021: TRUCKS TRANSMISSION   ,Diesel Equipment Technology,DIET 2021,
DFTG1015: PRACTICAL MATHEMATICS FOR DRAFTING TECHNOLOGY   ,Drafting Technology,DFTG 1015,
DFTG1101: CAD FUNDAMENTALS   ,Drafting Technology,DFTG 1101,
DFTG1103: TECHNICAL DRAWING,Drafting Technology,DFTG 1103,
DFTG1105: 3D MECHANICAL MODELING,Drafting Technology,DFTG 1105,
DFTG1107: ADV DIMENISIONING/SEC REVIEW    ,Drafting Technology,DFTG 1107,
DFTG1109: AUXILIARY VIEWS/SURFACE DEVELOPMENT,Drafting Technology,DFTG 1109,
DFTG1111: FASTENERS    ,Drafting Technology,DFTG 1111,
DFTG1113: ASSEMBLY DRAWINGS    ,Drafting Technology,DFTG 1113,
DFTG1125: ARCHITECTURAL FUNDAMENTALS   ,Drafting Technology,DFTG 1125,
DFTG1127: ARCHITECTURAL 3D MODELING   ,Drafting Technology,DFTG 1127,
DFTG1129: RESIDENTIAL DRAWING 1   ,Drafting Technology,DFTG 1129,
DFTG1131: RESIDENTIAL DRAWING 2   ,Drafting Technology,DFTG 1131,
DFTG1133: COMMERCIAL DRAWING I   ,Drafting Technology,DFTG 1133,
DFTG1150: INTRODUCTION TO 3D PRINTING   ,Drafting Technology,DFTG 1150,
DFTG2010: ENGINEERING GRAPHICS   ,Drafting Technology,DFTG 2010,
DFTG2020: VISUALIZATION AND GRAPHICS   ,Drafting Technology,DFTG 2020,
DFTG2130: MANUAL DRAFTING   ,Drafting Technology,DFTG 2030,
DFTG2110: PRINT READING I,Drafting Technology,DFTG 2110,
DFTG2120: BLUEPRINT READING FOR ARCHITECTURE,Drafting Technology,DFTG 2120,
DFTG2130: MANUAL DRAFTING FUNDAMENTALS,Drafting Technology,DFTG 2130,
DFTG2210: PRINT READING II ,Drafting Technology,DFTG 2210,
DFTG2300: DRAFTING TECHNOLOGY PRACTICUM/INTERNSHIP 3,Drafting Technology,DFTG 2300,
DFTG2400: DRAFTING TECHNOLOGY PRACTICUM/INTERNSHIP 4,Drafting Technology,DFTG 2400,
DFTG2500: DRAFTING TECHNOLOGY EXIT REVIEW,Drafting Technology,DFTG 2500,
DFTG2600: DRAFTING TECHNOLOGY PRACTICUM/INTERNSHIP 6,Drafting Technology,DFTG 2600,
ECCE1101: INTRODUCTION TO EARLY CHILDHOOD CARE AND EDUCATION   ,Early Childhood Care & Education,ECCE 1101,
ECCE1103: CHILD GROWTH AND DEVELOPMENT   ,Early Childhood Care & Education,ECCE 1103,
ECCE1106: HEALTH SAFETY AND NUTRITION   ,Early Childhood Care & Education,ECCE 1106,
ECCE1112: CURRICULUM AND ASSESSMENT   ,Early Childhood Care & Education,ECCE 1112,
ECCE1113: CREATIVE ACTIVITIES FOR CHILDREN   ,Early Childhood Care & Education,ECCE 1113,
ECCE1121: EARLY CHILDHOOD CARE AND EDUCATION PRACTICUM   ,Early Childhood Care & Education,ECCE 1121,
ECCE2115: LANGUAGE AND LITERACY   ,Early Childhood Care & Education,ECCE 2115,
ECCE2116: MATH AND SCIENCE   ,Early Childhood Care & Education,ECCE 2116,
ECCE2201: EXCEPTIONALITIES   ,Early Childhood Care & Education,ECCE 2201,
ECCE2202: SOCIAL ISSUES AND FAMILY INVOLVEMENT   ,Early Childhood Care & Education,ECCE 2202,
ECCE2203: GUIDANCE AND CLASSROOM MANAGEMENT   ,Early Childhood Care & Education,ECCE 2203,
ECCE2245: EARLY CHILDHOOD CARE ED INTER I   ,Early Childhood Care & Education,ECCE 2245,
ECCE2246: EARLY CHILDHOOD CARE ED INTE II   ,Early Childhood Care & Education,ECCE 2246,
ECCE2310: PARAPROFESSIONAL METHODS AND MATERIALS   ,Early Childhood Care & Education,ECCE 2310,
ECCE2312: PARPROFESSIONAL ROLES AND PRACTICES   ,Early Childhood Care & Education,ECCE 2312,
ECCE2320: PROGRAM ADMINISTRATION AND FACILITY MANAGEMENT   ,Early Childhood Care & Education,ECCE 2320,
ECCE2322: PERSONNEL MANAGEMENT   ,Early Childhood Care & Education,ECCE 2322,
ECCE2330: INFANT/TODDLER DEVELOPMENT   ,Early Childhood Care & Education,ECCE 2330,
ECCE2332: INFANT/TODDLER GROUP CARE AND CURR   ,Early Childhood Care & Education,ECCE 2332,
ECCE2340: FAMILY CHILD CARE PROGRAM MANAGEMENT   ,Early Childhood Care & Education,ECCE 2340,
ECCE2342: FAMILY CHILD CARE BUSINESS MANAGEMENT   ,Early Childhood Care & Education,ECCE 2342,
ECCE2360: CLASSROOM STRATEGIES FOR EXCEPTIONAL CHILDREN   ,Early Childhood Care & Education,ECCE 2360,
ECCE2362: EXPLORING YOUR ROLE IN THE EXCEPTIONAL ENVIRONMENT   ,Early Childhood Care & Education,ECCE 2362,
ECON1101: PRINCIPLES OF ECONOMICS   ,Economics,ECON 1101,
ECON2105: MACROECONOMICS   ,Economics,ECON 2105,
ECON2106: MICROECONOMICS   ,Economics,ECON 2106,
ELTR1010: DIRECT CURRENT FUNDAMENTALS,Electrical Systems Technology,ELTR 1010,
ELTR1020: ELECTRICAL SYSTEMS BASICS I,Electrical Systems Technology,ELTR 1020,
"ELTR1060: ELECTRICAL PRINTS, SCHEMATICS AND SYMBOLS",Electrical Systems Technology,ELTR 1060,
ELTR1080: COMMERCIAL WIRING I   ,Electrical Systems Technology,ELTR 1080,
ELTR1090: COMMERCIAL WIRING II   ,Electrical Systems Technology,ELTR 1090,
ELTR1110: ELECTRIC MOTORS   ,Electrical Systems Technology,ELTR 1110,
ELTR1120: VARIABLE SPEED LOW VOLT CONTROLS ,Electrical Systems Technology,ELTR 1120,
ELTR1180: ELECTRICAL CONTROLS   ,Electrical Systems Technology,ELTR 1180,
ELTR1205: RESIDENTIAL WIRING I   ,Electrical Systems Technology,ELTR 1205,
ELTR1210: RESIDENTIAL WIRING II   ,Electrical Systems Technology,ELTR 1210,
ELTR1220: INDUSTRIAL PLC'S   ,Electrical Systems Technology,ELTR 1220,
ELTR1250: DIAGNOSTIC TROUBLESHOOTING,Electrical Systems Technology,ELTR 1250,
ELTR1260: TRANSFORMERS   ,Electrical Systems Technology,ELTR 1260,
ELTR1270: N.E.C. INDUSTRIAL WIRING APPLICATIONS,Electrical Systems Technology,ELTR 1270,
ELTR1500: ELECTRICAL SYSTEMS TECHNOLOGY INTERNSHIP/PRACTICUM,Electrical Systems Technology,ELTR 1500,
ELTR1510: ELECTRICAL WORKER,Electrical Systems Technology,ELTR 1510,
ELTR1525: PHOTOVOLTAIC SYSTEMS   ,Electrical Systems Technology,ELTR 1525,
ELCR1003: INTRODUCTION TO ELECTRICAL AND ELECTRONICS THEORY,Electronics Electrical Technology,ELCR 1003,
ELCR1005: SOLDERING TECHNOLOGY   ,Electronics Electrical Technology,ELCR 1005,
ELCR1010: DIRECT CURRENT CIRCUITS   ,Electronics Electrical Technology,ELCR 1010,
ELCR1020: ALTERNATING CURRENT CIRCUITS   ,Electronics Electrical Technology,ELCR 1020,
ELCR1030: SOLID STATE DEVICES   ,Electronics Electrical Technology,ELCR 1030,
ELCR1040: DIGITAL AND MICROPROCESSOR FUNDAMENTALS   ,Electronics Electrical Technology,ELCR 1040,
ELCR1060: LINEAR INTEGRATED CIRCUITS   ,Electronics Electrical Technology,ELCR 1060,
ELCR1230: COMMUNICATIONS ELECTRONICS SURVEY,Electronics Electrical Technology,ELCR 1230,
ELCR1240: INDUSTRIAL ELECTRONICS SURVEY,Electronics Electrical Technology,ELCR 1240,
ELCR1800: ELECTRICAL LINEWORKER ORGANIZATION PRINCIPLES,Electronics Electrical Technology,ELCR 1800,
ELCR1820: ELECTRICAL LINEWORKER WORKPLACE SKILLS,Electronics Electrical Technology,ELCR 1820,
ELCR1840: ELECTRICAL LINEWORKER AUTOMATION SKILLS,Electronics Electrical Technology,ELCR 1840,
ELCR1860: ELECTRICAL LINEWORKER OCCUPATIONAL SKILLS,Electronics Electrical Technology,ELCR 1860,
ELCR2170: COMPUTER HARDWARE,Electronics Electrical Technology,ELCR 2170,
ELCR2180: OPERATING SYSTEMS TECHNOLOGIES,Electronics Electrical Technology,ELCR 2180,
ELCR2190: NETWORKING I,Electronics Electrical Technology,ELCR 2190,
ELCR2210: ANALOG COMMUNICATIONS,Electronics Electrical Technology,ELCR 2210,
ELCR2220: DIGITAL COMMUNICATIONS,Electronics Electrical Technology,ELCR 2220,
ELCR2230: ANTENNA AND TRANSMISSION LINES,Electronics Electrical Technology,ELCR 2230,
ELCR2240: MICROWAVE COMMUNICATIONS AND RADAR,Electronics Electrical Technology,ELCR 2240,
ELCR2250: OPTICAL COMMUNICATIONS TECHNIQUES,Electronics Electrical Technology,ELCR 2250,
ELCR2290: SECURITY SYSTEMS,Electronics Electrical Technology,ELCR 2290,
ELCR2560: CERTIFIED ELECTRONIC TECHNICIAN (CET) LICENSE PREP,Electronics Electrical Technology,ELCR 2560,
ELCR2590: FIBER OPTIC SYSTEMS,Electronics Electrical Technology,ELCR 2590,
ELCR2600: TELECOMMUNICATION AND DATA CABLING,Electronics Electrical Technology,ELCR 2600,
"ELCR2620: TELECOMMUNICATIONS SYSTEMS INSTALLATION, PROGRAMMING, AND DATA TRANSMISSION",Electronics Electrical Technology,ELCR 2620,
ELCR2680: ACCESS CONTROL AND CCTV INSTALLATION,Electronics Electrical Technology,ELCR 2680,
ELCR2700: HTI+ CERTIFICATION PREP,Electronics Electrical Technology,ELCR 2700,
ELCR2800: EMBEDDED SYSTEMS CAPSTONE PROJECT   ,Electronics Electrical Technology,ELCR 2800,
ELCR2860: CompTIA A+ CERTIFICATION,Electronics Electrical Technology,ELCR 2860,
ECET1191: COMPUTER PROGRAMMING FUNDAMENTALS   ,Engineering Technology,ECET 1191,
ENGT1000: INTRODUCTION TO ENGINEERING TECHNOLOGY,Engineering Technology,ENGT 1000,
ENGT2300: CAPSTONE PROJECT,Engineering Technology,ENGT 2300,
ENGT2400: EVIDENCE AND PROCEDURES FOR BOUNDARY LOCATIONS INTERNSHIP,Engineering Technology,ENGT 2400,
ENGL1005: APPLIED TECHNICAL COMMUNICATION,English,ENGL 1005,
ENGL1010: FUNDAMENTALS OF ENGLISH I   ,English,ENGL 1010,
ENGL1012: FUNDAMENTALS OF ENGLISH II,English,ENGL 1012,
ENGL1101: COMPOSITION AND RHETORIC   ,English,ENGL 1101,
ENGL1102: LITERATURE AND COMPOSITION   ,English,ENGL 1102,
ENGL1105: TECHNICAL COMMUNICATIONS   ,English,ENGL 1105,
ENGL2130: AMERICAN LITERATURE   ,English,ENGL 2130,
ESTH1000: INTRODUCTION TO ESTHETICS    ,Esthetics,ESTH 1000,
ESTH1010: ANATOMY AND PHYSIOLOGY OF THE SKIN    ,Esthetics,ESTH 1010,
ESTH1020: SKIN CARE PROCEDURES    ,Esthetics,ESTH 1020,
ESTH1030: ELECTRICITY AND FACIAL TREATMENTS WITH MACHINES,Esthetics,ESTH 1030,
ESTH1040: ADVANCED SKIN CARE,Esthetics,ESTH 1040,
ESTH1050: COLOR THEORY & MAKEUP    ,Esthetics,ESTH 1050,
ESTH1060: ESTHETICS PRACTICUM I,Esthetics,ESTH 1060,
ESTH1070: ESTHETICS PRACTICUM II,Esthetics,ESTH 1070,
FRSC1020: BASIC FIREFIGHTER EMERGENCY SERVICES FUNDAMENTALS   ,Fire Science Technology,FRSC 1020,
FRSC1030: BASIC FIREFIGHTER: MODULE I   ,Fire Science Technology,FRSC 1030,
FRSC1040: BASIC FIREFIGHTER: MODULE II   ,Fire Science Technology,FRSC 1040,
FRSC1050: FIRE AND LIFE SAFETY EDUCATOR I   ,Fire Science Technology,FRSC 1050,
FRSC1060: FIRE PROTECTION PREPAREDNESS AND MAINTENANCE   ,Fire Science Technology,FRSC 1060,
FRSC1070: INTRODUCTION TO TECHNICAL RESCUE   ,Fire Science Technology,FRSC 1070,
FRSC1080: FIREGROUND OPERATIONS   ,Fire Science Technology,FRSC 1080,
FRSC1100: INTRODUCTION TO THE FIRE SERVICE   ,Fire Science Technology,FRSC 1100,
FRSC1115: FIRE BEHAVIOR AND COMBUSTION,Fire Science Technology,FRSC 1115,
FRSC1121: FIREFIGHTING STRATEGY AND TACTICS   ,Fire Science Technology,FRSC 1121,
FRSC1132: FIRE SERVICE INSTRUCTOR   ,Fire Science Technology,FRSC 1132,
FRSC1141: HAZARDOUS MATERIALS OPERATIONS   ,Fire Science Technology,FRSC 1141,
FRSC1151: FIRE PREVENTION AND INSPECTION   ,Fire Science Technology,FRSC 1151,
FRSC1161: FIRE SERVICE SAFETY AND LOSS CONTROL   ,Fire Science Technology,FRSC 1161,
FRSC2100: FIRE ADMINISTRATION : MANAGEMENT   ,Fire Science Technology,FRSC 2100,
FRSC2110: FIRE SERVICE HYDRAULICS   ,Fire Science Technology,FRSC 2110,
FRSC2120: FIRE PROTECTION SYSTEMS   ,Fire Science Technology,FRSC 2120,
FRSC2130: FIRE SERVICE BUILDING CONSTRUCTION   ,Fire Science Technology,FRSC 2130,
FRSC2141: INCIDENT COMMAND   ,Fire Science Technology,FRSC 2141,
FRSC2170: FIRE AND ARSON INVESTIGATION   ,Fire Science Technology,FRSC 2170,
FYES1001: FIRST YEAR EXPERIENCE SEMINAR   ,First Year Experience,FYES 1001,
FOSC1206: INTRODUCTION TO FORENSIC SCIENCE   ,Forensic Science,FOSC 1206,
FOSC1210: CRIME SCENE INVESTIGATION I,Forensic Science,FOSC 1210,
FOSC2010: CRIME SCENE INVESTIGATION I,Forensic Science,FOSC 2010,
FOSC2012: FORENSIC TRACE EVIDENCE   ,Forensic Science,FOSC 2012,
FOSC2028: BLOODSTAIN PATTERN ANALYSIS,Forensic Science,FOSC 2028,
GERT1000: UNDERSTANDING THE GERONOTOLOGICAL CLIENT,Geriatric Care,GERT 1000,
GERT1020: BEHAVIORAL ASPECTS OF AGING,Geriatric Care,GERT 1020,
GERT1030: GERONOTOLOGICAL NUTRITION,Geriatric Care,GERT 1030,
HIMT1100: INTRODUCTION TO HEALTH INFORMATION TECHNOLOGY   ,Health Information Technology,HIMT 1100,
HIMT1151: COMPUTER APPLICATIONS IN HEALTHCARE   ,Health Information Technology,HIMT 1151,
HIMT1200: LEGAL ASPECTS OF HEALTHCARE   ,Health Information Technology,HIMT 1200,
HIMT1250: HEALTH RECORD CONTENT AND STRUCTURE   ,Health Information Technology,HIMT 1250,
HIMT1360: INTRODUCTION TO PATHOPHARMACOTHERAPY   ,Health Information Technology,HIMT 1360,
HIMT1400: CODING AND CLASSIFICATION I - ICD CODING   ,Health Information Technology,HIMT 1400,
HIMT1410: CODING AND CLASSIFICATION II - ADVANCED CODING   ,Health Information Technology,HIMT 1410,
HIMT2150: HEALTHCARE STATISTICS   ,Health Information Technology,HIMT 2150,
HIMT2200: PERFORMANCE IMPROVEMENT   ,Health Information Technology,HIMT 2200,
HIMT2300: HEALTHCARE MANAGEMENT   ,Health Information Technology,HIMT 2300,
HIMT2375: HEALTHCARE CODING   ,Health Information Technology,HIMT 2375,
HIMT2400: CODING AND CLASSIFICATION - CPT/HCPCS   ,Health Information Technology,HIMT 2400,
HIMT2410: REVENUE CYCLE MANAGEMENT   ,Health Information Technology,HIMT 2410,
HIMT2460: HEALTH INFORMATION TECHNOLOGY PRACTICUM   ,Health Information Technology,HIMT 2460,
HIMT2500: CERTIFICATION SEMINAR   ,Health Information Technology,HIMT 2500,
HIMT2600: INTRODUCTION TO DATA MANAGEMENT   ,Health Information Technology,HIMT 2600,
HECT1100: HEMODIALYSIS PATIENT CARE,Hemodialysis,HECT 1100,
HECT1120: HEMODIALYSIS PRACTICUM,Hemodialysis,HECT 1120,
HIST1111: WORLD HISTORY I   ,History,HIST 1111,
HIST1112: WORLD HISTORY II,History,HIST 1112,
HIST2111:  US HISTORY I   ,History,HIST 2111,
HIST2212: US HISTORY II   ,History,HIST 2212,
HORT1000: HORTICULTURE SCIENCE    ,Horticulture,HORT 1000,
HORT1010: WOODY PLANT IDENTIFICATION I,Horticulture,HORT 1010,
HORT1020: HERBACEOUS PLANT INDENTIFICATION    ,Horticulture,HORT 1020,
HORT1030: GREENHOUSE MANAGEMENT    ,Horticulture,HORT 1030,
HORT1041: LANDSCAPE CONSTRUCTION,Horticulture,HORT 1041,
HORT1050: NURSERY PRODUCTION AND MANAGEMENT,Horticulture,HORT 1050,
HORT1060: LANDSCAPE DESIGN,Horticulture,HORT 1060,
HORT1070: LANDSCAPE INSTALLATIONS,Horticulture,HORT 1070,
HORT1080: PEST MANAGEMENT    ,Horticulture,HORT 1080,
HORT1100: INTRO SUSTAINABLE AGRICULTURE    ,Horticulture,HORT 1100,
HORT1110: SMALL SCALE FOOD PRODUCTION   ,Horticulture,HORT 1110,
HORT1120: LANDSCAPE MANAGEMENT,Horticulture,HORT 1120,
HORT1140: HORTICULTURE BUSINESS MGMT    ,Horticulture,HORT 1140,
HORT1150: ENVIRONMENTAL HORTICULTURE INTERNSHIP,Horticulture,HORT 1150,
HORT1160: LANDSCAPE CONTRACTING,Horticulture,HORT 1160,
HORT1200: ARBORCULTURE SCIENCE,Horticulture,HORT 1200,
HORT1250: PLANT PRODUCTION AND PROPAGATION,Horticulture,HORT 1250,
HORT1310: IRRIGATION AND WATER MANAGEMENT,Horticulture,HORT 1310,
HORT1330: TURFGRASS MANAGEMENT,Horticulture,HORT 1330,
HORT1410: SOILS    ,Horticulture,HORT 1410,
HORT1420: GOLF COURSE DESIGN CONSTRUCTION AND MANAGEMENT,Horticulture,HORT 1420,
HORT1430: ADVANCED LANDSCAPE DESIGN,Horticulture,HORT 1430,
HORT1440: LANDSCAPE GRADING AND DRAINAGE,Horticulture,HORT 1440,
HORT1500: SMALL GAS ENGINE REPAIR AND MAINTENANCE,Horticulture,HORT 1500,
HORT1560: COMPUTER-AIDED LANDSCAPE DESIGN,Horticulture,HORT 1560,
HORT1680: WOODY PLANT IDENTIFICATION II,Horticulture,HORT 1680,
HORT1690: HORTICULTURE SPANISH,Horticulture,HORT 1690,
HORT1700: LARGE EQUIPMENT OPERATION,Horticulture,HORT 1700,
HORT1720: INTRODUCTORY FLORAL DESIGN,Horticulture,HORT 1720,
HORT1730: ADVANCED FLORAL DESIGN,Horticulture,HORT 1730,
HORT1750: INTERIORSCAPING,Horticulture,HORT 1750,
HORT1800: URBAN LANDSCAPE ISSUES,Horticulture,HORT 1800,
HORT2249: FLOWER SHOP MANAGEMENT,Horticulture,HORT 2249,
HORT2500: SPECIALTY LANDSCAPE CONTRUCTION,Horticulture,HORT 2500,
HRTM1100: INTRODUCTION TO HOTEL RESTAURANT AND TOURISM MANAGEMENT   ,Hotel Restaurant Tourism,HRTM 1100,
HRTM1110: TRAVEL INDUSTRY AND TRAVEL GEOGRAPHY   ,Hotel Restaurant Tourism,HRTM 1110,
HRTM1120: TOUR AND CRUISE MANAGEMENT   ,Hotel Restaurant Tourism,HRTM 1120,
HRTM1130: BUSINESS ETIQUETTE AND COMMUNICATION   ,Hotel Restaurant Tourism,HRTM 1130,
HRTM1140: HOTEL OPERATIONS MANAGEMENT   ,Hotel Restaurant Tourism,HRTM 1140,
HRTM1150: EVENT PLANNING   ,Hotel Restaurant Tourism,HRTM 1150,
HRTM1160: FOOD AND BEVERAGE MANAGEMENT   ,Hotel Restaurant Tourism,HRTM 1160,
HRTM1170: HOSPITALITY INDUSTRY ACCOUNTING AND FINANCIAL ANALYSIS   ,Hotel Restaurant Tourism,HRTM 1170,
HRTM1201: HOSPITALITY MARKETING   ,Hotel Restaurant Tourism,HRTM 1201,
HRTM1210: HOSPITALITY LAW   ,Hotel Restaurant Tourism,HRTM 1210,
HRTM1220: SUPERVISION AND LEADERSHIP IN THE HOSPITALITY INDUSTRY   ,Hotel Restaurant Tourism,HRTM 1220,
HRTM1230: INTERNSHIP   ,Hotel Restaurant Tourism,HRTM 1230,
HUMN1100: INTRODUCTION TO HUMANITIES   ,Humanities,HUMN 1100,
ELUT1215: HYDRAULICS   ,Industrial Engineering Technology,ELUT 1215,
IDFC1007: INDUSTRIAL SAFETY PROCEDURES   ,Industrial Fundamental,IDFC 1007,
IDFC1011: DIRECT CURRENT I   ,Industrial Fundamental,IDFC 1011,
IDSY1110: INDUSTRIAL MOTOR CONTROLS I   ,Industrial Systems,IDSY 1110,
IDSY1170 : INDUSTRIAL MECHANICS   ,Industrial Systems,IDSY 1170,
IDSY1220 : INTERMEDIATE INDUSTRIAL PLCs,Industrial Systems,IDSY 1220,
EMPL1000: INTERPERSONAL RELATIONS AND PROFESSIONAL DEVELOPMENT   ,Interpersonal Relations,EMPL 1000,
LOGI1000: BUSINESS LOGISTICS   ,Logistics and Supply Chain,LOGI 1000,
LOGI1010: PURCHASING   ,Logistics and Supply Chain,LOGI 1010,
LOGI1015: PURCHASING AND MATERIALS MANAGEMENT,Logistics and Supply Chain,LOGI 1015,
LOGI1020: MATERIALS MANAGEMENT   ,Logistics and Supply Chain,LOGI 1020,
LOGI1030: PRODUCT LIFECYCLE MANAGEMENT,Logistics and Supply Chain,LOGI 1030,
LOGI1110: TRANSPORTATION AND LOGISTICS NETWORK DESIGN FUNDAMENTALS ,Logistics and Supply Chain,LOGI 1110,
"LOGI1140: CERTIFYING PRINCIPLES OF LOGISTICS, DISTRIBUTION AND TRANSPORTATION ",Logistics and Supply Chain,LOGI 1140,
MGMT1100: PRINCIPLES OF MANAGEMENT   ,Management,MGMT 1100,
MGMT1105: ORGANIZATIONAL BEHAVIOR   ,Management,MGMT 1105,
MGMT1110: EMPLOYMENT LAW   ,Management,MGMT 1110,
MGMT1115: LEADERSHIP   ,Management,MGMT 1115,
MGMT1120: INTRODUCTION TO BUSINESS   ,Management,MGMT 1120,
MGMT1125: BUSINESS ETHICS   ,Management,MGMT 1125,
MGMT2115: HUMAN RESOURCE MANAGEMENT   ,Management,MGMT 2115,
MGMT2120: LABOR MANAGEMENT RELATIONS   ,Management,MGMT 2120,
MGMT2125: PERFORMANCE MANAGEMENT   ,Management,MGMT 2125,
MGMT2130: EMPLOYEE TRAINING AND DEVELOPMENT   ,Management,MGMT 2130,
MGMT2140: RETAIL MANAGEMENT   ,Management,MGMT 2140,
MGMT 2205: SERVICE SECTOR MANAGEMENT   ,Management,MGMT 2205,
MGMT2210: PROJECT MANAGEMENT   ,Management,MGMT 2210,
MGMT2215: TEAM PROJECT   ,Management,MGMT 2215,
MKTG1100: PRINCIPLES OF MARKETING   ,Marketing Management,MKTG 1100,
MKTG1130: BUSINESS REGS AND COMPLIANCE   ,Marketing Management,MKTG 1130,
MKTG1160: PROFESSIONAL SELLING   ,Marketing Management,MKTG 1160,
MKTG1190: INTEGRATED MARKETING COMM   ,Marketing Management,MKTG 1190,
MKTG1210: SERVICES MARKETING   ,Marketing Management,MKTG 1210,
MKTG1270: VISUAL MERCHANDISING   ,Marketing Management,MKTG 1270,
MKTG1370: CUSTOMER BEHAVIOR   ,Marketing Management,MKTG 1370,
MKTG2000: GLOBAL MARKETING   ,Marketing Management,MKTG 2000,
MKTG2010: SMALL BUSINESS MANAGEMENT   ,Marketing Management,MKTG 2010,
MKTG2060: MARKETING CHANNELS   ,Marketing Management,MKTG 2060,
MKTG2070: BUYING AND SELLING   ,Marketing Management,MKTG 2070,
MKTG2090: MARKETING RESEARCH   ,Marketing Management,MKTG 2090,
MKTG2210: ENTREPRENEURSHIP   ,Marketing Management,MKTG 2210,
MKTG2300: MARKETING MANAGEMENT   ,Marketing Management,MKTG 2300,
MKTG2500: EXPLORING SOCIAL MEDIA   ,Marketing Management,MKTG 2500,
MATH1012: FOUNDATIONS OF MATHEMATICS   ,Mathematics,MATH 1012,
MATH1101: MATHMATICAL MODELING,Mathematics,MATH 1101,
MATH1111: COLLEGE ALGEBRA   ,Mathematics,MATH 1111,
MATH1112: COLLEGE TRIGONOMETRY   ,Mathematics,MATH 1112,
MATH1113: PRECALCULUS  ,Mathematics,MATH 1113,
MATH1127: INTRODUCTION TO STATISTICS   ,Mathematics,MATH 1127,
MAST1010: LEGAL AND ETHICAL CONCERNS IN THE MEDICAL OFFICE   ,Medical Assisting,MAST 1010,
MAST1030: PHARMACOLOGY IN THE MEDICAL OFFICE   ,Medical Assisting,MAST 1030,
MAST1060: MEDICAL OFFICE PROCEDURES   ,Medical Assisting,MAST 1060,
MAST1080: MEDICAL ASSISTING SKILLS I  ,Medical Assisting,MAST 1080,
MAST1090: MEDICAL ASSISTING SKILLS II   ,Medical Assisting,MAST 1090,
MAST1100: MEDICAL INSURANCE MANAGEMENT   ,Medical Assisting,MAST 1100,
MAST1110: ADMINISTRATIVE PRACTICE MANAGEMENT   ,Medical Assisting,MAST 1110,
MAST1120: HUMAN PATHOLOGICAL CONDITIONS IN THE MEDICAL OFFICE   ,Medical Assisting,MAST 1120,
MAST1170: MEDICAL ASSISTING EXTERNSHIP   ,Medical Assisting,MAST 1170,
MAST1180: MEDICAL ASSISTING SEMINAR  ,Medical Assisting,MAST 1180,
NAST1100: NURSE AIDE FUNDAMENTALS    ,Nursing and Related Programs,NAST 1100,
NAST2100: NURSE AIDE ACCELERATED   ,Nursing and Related Programs,NAST 2100,
PCTA1100: SKILLS FOR THE PATIENT CARE TECHNICIAN,Nursing and Related Programs,PCTA 1100,
PNSG2010: INTRODUCTION TO PHARMACOLOGY AND CLINICAL CALCULATIONS   ,Nursing and Related Programs,PNSG 2010,
PNSG2030: NURSING FUNDAMENTALS   ,Nursing and Related Programs,PNSG 2030,
PNSG2035: NURSING FUNDAMENTALS CLINICAL   ,Nursing and Related Programs,PNSG 2035,
PNSG2210: MEDICAL-SURGICAL NURSING I   ,Nursing and Related Programs,PNSG 2210,
PNSG 2220: MEDICAL-SURGICAL NURSING II   ,Nursing and Related Programs,PNSG 2220,
PNSG2230: MEDICAL-SURGICAL NURSING III   ,Nursing and Related Programs,PNSG 2230,
PNSG2240: MEDICAL-SURGICAL NURSING IV   ,Nursing and Related Programs,PNSG 2240,
PNSG2250: MATERNITY NURSING   ,Nursing and Related Programs,PNSG 2250,
PNSG2255: MATERNITY NURSING CLINICAL   ,Nursing and Related Programs,PNSG 2255,
PNSG2310: MEDICAL-SURGICAL NURSING CLINICAL I   ,Nursing and Related Programs,PNSG 2310,
PNSG2320: MEDICAL-SURGICAL NURSING CLINICAL II   ,Nursing and Related Programs,PNSG 2320,
PNSG2320: MEDICAL-SURGICAL NURSING CLINICAL III   ,Nursing and Related Programs,PNSG 2330,
PNSG2340: MEDICAL-SURGICAL NURSING CLINICAL IV   ,Nursing and Related Programs,PNSG 2340,
PNSG2410: NURSING LEADERSHIP   ,Nursing and Related Programs,PNSG 2410,
PNSG2415: NURSING LEADERSHIP CLINICAL   ,Nursing and Related Programs,PNSG 2415,
RNSG1300: FUNDAMENTALS OF NURSING   ,Nursing and Related Programs,RNSG 1300,
RNSG1302: PRO. PRACTICES HEALTH ASSESSMENT   ,Nursing and Related Programs,RNSG 1302,
RNSG1304: PHARMACOLOGY   ,Nursing and Related Programs,RNSG 1304,
RNSG1308: MEDICAL SURGICAL I   ,Nursing and Related Programs,RNSG 1308,
RNSG1312: PSYCHO: SOCIAL MENTAL HEALTH AND ILLNESS   ,Nursing and Related Programs,RNSG 1312,
RNSG2300: PRO. PRACTICE VI: CHILDBEARING   ,Nursing and Related Programs,RNSG 2300,
RNSG2302: PRO. PRACTICE VII: CHILDREARING   ,Nursing and Related Programs,RNSG 2302,
RNSG2306: MED. SURGICAL II   ,Nursing and Related Programs,RNSG 2306,
RNSG2308: PRO. PRACTICE VIII: TRANS LEADERSHIP   ,Nursing and Related Programs,RNSG 2308,
RNSG2310: TRANSITION TO PROFESSION PRACT    ,Nursing and Related Programs,RNSG 2310,
PARA1100: INTRODUCTION TO LAW AND ETHICS   ,Paralegal Studies,PARA 1100,
PARA1105: LEGAL RESEARCH AND LEGAL WRITING I   ,Paralegal Studies,PARA 1105,
PARA1110: LEGAL RESEARCH AND LEGAL WRITING II   ,Paralegal Studies,PARA 1110,
PARA1115: FAMILY LAW (ANTOINETTE FRANCE: HARRIS   ,Paralegal Studies,PARA 1115,
PARA1120: REAL ESTATE LAW   ,Paralegal Studies,PARA 1120,
PARA1125: CRIMINAL LAW AND CRIMINAL PROC   ,Paralegal Studies,PARA 1125,
PARA1130: CIVIL LITIGATION   ,Paralegal Studies,PARA 1130,
PARA1135: WILLS TRUST PROBATE AND ADMINISTRATION   ,Paralegal Studies,PARA 1135,
PARA1140: TORT LAW   ,Paralegal Studies,PARA 1140,
PARA1145: LAW OFFICE MANAGEMENT ,Paralegal Studies,PARA 1145,
PARA1150: CONTRACTS COMMERCIAL LAW AND BUSINESS ORGANIZATIONS   ,Paralegal Studies,PARA 1150,
PARA1200: BANKRUPTCY/DEBTOR : CREDITOR RELATIONS   ,Paralegal Studies,PARA 1200,
PARA1205: CONSTITUTIONAL LAW   ,Paralegal Studies,PARA 1205,
PARA1210: LEGAL AND POLICY ISSUES IN HEALTHCARE   ,Paralegal Studies,PARA 1210,
PARA1215: ADMINISTRATIVE LAW   ,Paralegal Studies,PARA 1215,
PARA1210: LEGAL&POLICY ISSUES/HEALTHCARE (DENNIS   ,Paralegal Studies,PARA 2210,
PARA2200: PARALEGAL PRACTICUM  ,Paralegal Studies,PARA 2215,
EMSP1010: EMERGENCY MEDICAL RESPONDER   ,Paramedicine,EMSP 1010,
EMSP1110: INTRODUCTION TO THE EMT PROFESSION    ,Paramedicine,EMSP 1110,
EMSP1120: AIRWAY MANAGEMENT AND ASSESSMENT    ,Paramedicine,EMSP 1120,
EMSP1130: MEDICAL EMERGENCIES FOR THE EMT   ,Paramedicine,EMSP 1130,
EMSP1140: SPECIAL PATIENT POPULATIONS   ,Paramedicine,EMSP 1140,
EMSP1150: SHOCK AND TRAUMA FOR THE EMT   ,Paramedicine,EMSP 1150,
EMSP1160: CLINICAL AND PRACTICAL APPLICATIONS FOR THE EMT   ,Paramedicine,EMSP 1160,
EMSP1510: ADVANCED CONCEPTS FOR THE AEMT   ,Paramedicine,EMSP 1510,
EMSP1520: ADVANCED PATIENT CARE FOR THE AEMT   ,Paramedicine,EMSP 1520,
EMSP1530: CLINICAL APPLICATIONS FOR THE AEMT   ,Paramedicine,EMSP 1530,
EMSP1540: CLINICAL AND PRACTICAL APPLICATIONS FOR THE AEMT   ,Paramedicine,EMSP 1540,
EMSP2110: FOUNDATIONS OF PARAMEDICINE   ,Paramedicine,EMSP 2110,
EMSP2120: APPLICATIONS OF PATHOPHYSIOLOGY   ,Paramedicine,EMSP 2120,
EMSP2130: ADVANCED RESUSCITATIVE SKILLS   ,Paramedicine,EMSP 2130,
EMSP2140: ADVANCED CARDIOVASCULAR CONCEPTS   ,Paramedicine,EMSP 2140,
EMSP2310: THERAPEUTIC CARDIO CARE   ,Paramedicine,EMSP 2310,
EMSP2320: THERAPEUTIC OF MEDICAL CARE   ,Paramedicine,EMSP 2320,
EMSP2330: THERAPEUTIC OF TRAUMA CARE   ,Paramedicine,EMSP 2330,
EMSP2340: THERAPEUTIC OF SPECIAL PATIENT   ,Paramedicine,EMSP 2340,
EMSP2510: CLINICAL APPLICATIONS FOR THE PARAMEDIC - I   ,Paramedicine,EMSP 2510,
EMSP2520: CLINICAL APPLICATIONS FOR THE PARAMEDIC - II   ,Paramedicine,EMSP 2520,
EMSP2530: CLINICAL APPLICATIONS FOR THE PARAMEDIC - III   ,Paramedicine,EMSP 2530,
EMSP2540: CLINICAL APPLICATIONS FOR THE PARAMEDIC - IV   ,Paramedicine,EMSP 2540,
EMSP2550: CLINICAL APPLICATIONS FOR THE PARAMEDIC - V   ,Paramedicine,EMSP 2550,
EMSP2560: CLINICAL APPLICATIONS FOR THE PARAMEDIC - VI   ,Paramedicine,EMSP 2560,
EMSP2570: CLINICAL APPLICATIONS FOR THE PARAMEDIC - VII   ,Paramedicine,EMSP 2570,
EMSP2710: PARAMEDIC INTERNSHIP   ,Paramedicine,EMSP 2710,
EMSP2720: PRACTICAL APPLICATIONS FOR PARAMEDICS   ,Paramedicine,EMSP 2720,
PHAR1000: PHARMACEUTICAL CALCULATIONS   ,Pharmacy Technology,PHAR 1000,
PHAR1010: PHARMACY TECHNOLOGY FUNDAMENTA    ,Pharmacy Technology,PHAR 1010,
PHAR1020: PRINCIPLES OF DISPENSING MEDS   ,Pharmacy Technology,PHAR 1020,
PHAR1030: PRINCIPLES OF STERILE MED PREP   ,Pharmacy Technology,PHAR 1030,
PHAR1040: PHARMACOLOGY   ,Pharmacy Technology,PHAR 1040,
PHAR1050: PHARMACY TECHNOLOGY PRACTICUM   ,Pharmacy Technology,PHAR 1050,
PHAR1055: PHARMACY ASSISTANT PRACTICUM   ,Pharmacy Technology,PHAR 1055,
PHAR2060: ADVANCED PHARMACY TECHN PRINCIPLES   ,Pharmacy Technology,PHAR 2060,
PHAR2070: ADVANCED PHARMACY TECHNOLOGY PRACTICUM   ,Pharmacy Technology,PHAR 2070,
PHLT1030: INTRODUCTION TO VENIPUNCTURE   ,Phlebotomy,PHLT 1030,
PHLT1050: CLINICAL PRACTICE   ,Phlebotomy,PHLT 1050,
PHOT1000: INTRODUCTION TO MACINTOSH COMPUTERS   ,Photography,PHOT 1000,
PHOT1102: VISUAL THEORY I   ,Photography,PHOT 1102,
PHOT1103: CAMERA TECHNIQUES I   ,Photography,PHOT 1103,
PHOT1104: PHOTOGRAPHIC WORKSHOP I   ,Photography,PHOT 1104,
PHOT1105: DIGITAL IMAGING I   ,Photography,PHOT 1105,
PHOT1122: VISUAL THEORY II   ,Photography,PHOT 1122,
PHOT1123: CAMERA TECHNIQUES II   ,Photography,PHOT 1123,
PHOT1124: PHOTOGRAPHIC WORKSHOP II   ,Photography,PHOT 1124,
PHOT1125: MULTIMEDIA I   ,Photography,PHOT 1125,
PHOT1126: PORTRAITURE I   ,Photography,PHOT 1126,
PHOT2101: PORTFOLIO I   ,Photography,PHOT 2101,
PHOT2103: COMMERCIAL I   ,Photography,PHOT 2103,
PHOT2106: PHOTOJOURNALISM   ,Photography,PHOT 2106,
PHOT2121: PORTFOLIO II   ,Photography,PHOT 2121,
PHOT2122: PRACTICUM/INTERNSHIP   ,Photography,PHOT 2122,
PHOT2123: COMMERCIAL II   ,Photography,PHOT 2123,
PHOT2125: MULTIMEDIA II   ,Photography,PHOT 2125,
PHOT2126: PORTRAITURE II   ,Photography,PHOT 2126,
PHOT2131: PHOTOGRAPHIC BUSINESS MANAGEMENT   ,Photography,PHOT 2131,
PHTA 1110: INTRODUCTION TO PHYSICAL THERAPY   ,Physical Therapist Assistant,PHTA 1110,
PHTA 1120: PATIENT CARE SKILLS   ,Physical Therapist Assistant,PHTA 1120,
PHTA 1130: FUNCTIONAL ANATOMY & KINESIOLOGY I   ,Physical Therapist Assistant,PHTA 1130,
PHTA 1140: PHYSICAL THERAPY PROCEDURES I   ,Physical Therapist Assistant,PHTA 1140,
PHTA 2110: PATHOLOGY I   ,Physical Therapist Assistant,PHTA 2110,
PHTA2120: REHABILITATION I    ,Physical Therapist Assistant,PHTA 2120,
PHTA2130: PHYSICAL THERAPY PROCEDURES II    ,Physical Therapist Assistant,PHTA 2130,
PHTA2140: CLINICAL EDUCATION I    ,Physical Therapist Assistant,PHTA 2140,
PHTA2150: PATHOLOGY II    ,Physical Therapist Assistant,PHTA 2150,
PHTA2160: REHABILITATION II    ,Physical Therapist Assistant,PHTA 2160,
PHTA2170: KINESIOLOGY II    ,Physical Therapist Assistant,PHTA 2170,
PHTA2180: CLINICAL EDUCATION II    ,Physical Therapist Assistant,PHTA 2180,
PHTA2190: CLINICAL EDUCATION III    ,Physical Therapist Assistant,PHTA 2190,
PHTA 2200: PTA SEMINAR   ,Physical Therapist Assistant,PHTA 2200,
PHYS1110: CONCEPTUAL PHYSICS   ,Physics,PHYS 1110,
PHYS1110: CONCEPTUAL PHYSICS LAB  ,Physics,PHYS 1110L,
PHYS1111: INTRODUCTORY PHYSICS I   ,Physics,PHYS 1111,
PHYS1111L: INTRODUCTORY PHYSICS LAB I   ,Physics,PHYS 1111L,
PHYS1112: INTRODUCTORY PHYSICS II   ,Physics,PHYS 1112,
PHYS1112L: INTRODUCTORY PHYSICS LAB II   ,Physics,PHYS 1112L,
PLBG1000: INTRODUCTION TO PLUMBING   ,Plumbing,PLBG 1000,
PLBG1070: PHYSICAL SCIENCE AND MECHANICS FOR THE PIPE TRADES   ,Plumbing,PLBG 1070,
PLBG1160: PLUMBING DRAWINGS   ,Plumbing,PLBG 1160,
PLBG1210: PIPES VALVES AND FITTINGS   ,Plumbing,PLBG 1210,
PLBG1220: DRAINAGE SYSTEMS   ,Plumbing,PLBG 1220,
PLBG1240: WATER SUPPLY SYSTEMS   ,Plumbing,PLBG 1240,
PLBG1260: PLUMBING FIXTURES AND APPLIANCES   ,Plumbing,PLBG 1260,
PLBG1280: GAS PIPING SYSTEMS   ,Plumbing,PLBG 1280,
PLBG1310: SPECIAL PLUMBING SYSTEMS   ,Plumbing,PLBG 1310,
PLBG1320: PLUMBING SERVICES   ,Plumbing,PLBG 1320,
PLBG1330: PLUMBING CODES   ,Plumbing,PLBG 1330,
PLBG1500: BACKFLOWPREVENT&CROSS: CON CTRL   ,Plumbing,PLBG 1500,
POLS1101: AMERICAN GOVERNMENT   ,Political Science,POLS 1101,
PSYC1010: BASIC PSYCHOLOGY   ,Psychology,PSYC 1010,
PSYC1101: INTRODUCTORY PSYCHOLOGY   ,Psychology,PSYC 1101,
PSYC1150: INDUSTRIAL/ORGANIZATIONAL PSYCHOLOGY,Psychology,PSYC 1150,
PSYC2103: HUMAN DEVELOPMENT   ,Psychology,PSYC 2103,
PSYC2250: ABNORMAL PSYCHOLOGY,Psychology,PSYC 2250,
MRIM2300 : ORIENTATION AND INTRODUCTION TO MRI   ,Radiologic Technology,MRIM 2300,
MRIM2320 : MRI PROCEDURES AND CROSS SECTIONAL ANATOMY   ,Radiologic Technology,MRIM 2320,
MRIM2330 : MRI PHYSICS AND INSTRUMENTATION   ,Radiologic Technology,MRIM 2330,
MRIM2350 : MAGNETIC RESONANCE IMAGING CLINICAL EDUCATION I   ,Radiologic Technology,MRIM 2350,
MRIM2360: MAGNETIC RESONANCE IMAGING CLINICAL EDUCATION II   ,Radiologic Technology,MRIM 2360,
MRIM2370: MRI REVIEW   ,Radiologic Technology,MRIM 2370,
RADT1010: INTRODUCTION TO RADIOLOGY   ,Radiologic Technology,RADT 1010,
RADT1030: RADIOGRAPHIC PROCEDURES I   ,Radiologic Technology,RADT 1030,
RADT1060: RADIOGRAPHIC PROCEDURES II   ,Radiologic Technology,RADT 1060,
RADT1065: RADIOLOGIC SCIENCE   ,Radiologic Technology,RADT 1065,
RADT1075: RADIOLOGIC IMAGING   ,Radiologic Technology,RADT 1075,
RADT1085: RADIOGRAPHIC EQUIPMENT   ,Radiologic Technology,RADT 1085,
RADT1200: PRINCIPLES OF RADIATION BIOLOGY AND PROTECTION   ,Radiologic Technology,RADT 1200,
RADT1320: CLINICAL RADIOGRAPHY I   ,Radiologic Technology,RADT 1320,
RADT1330: CLINICAL RADIOGRAPHY II   ,Radiologic Technology,RADT 1330,
RADT2090: RADIOGRAPHIC PROCEDURES III   ,Radiologic Technology,RADT 2090,
RADT2260: RADIOLOGIC TECHNOLOGY REVIEW   ,Radiologic Technology,RADT 2260,
RADT2340: CLINICAL RADIOLOGRAPHY III   ,Radiologic Technology,RADT 2340,
RADT2360: CLINICAL RADOLOGRAPHY V   ,Radiologic Technology,RADT 2360,
RADT2520: MAMMOGRAPHIC ANAT. PHYS. & POS    ,Radiologic Technology,RADT 2520,
RADT2530 : CLINICAL MAMMOGRAPHY   ,Radiologic Technology,RADT 2530,
SOCI1101: INTRODUCTION TO SOCIOLOGY   ,Sociology,SOCI 1101,
SOCI2600: INTRODUCTION TO SOCIAL PROBLEMS,Sociology,SOCI 2600,
SPAN1101: INTRODUCTION TO SPANISH LANGUAGE AND CULTURE I,Spanish,SPAN 1101,
SPAN1101: INTRODUCTION TO SPANISH LANGUAGE AND CULTURE II,Spanish,SPAN 1102,
SPCH1101: PUBLIC SPEAKING   ,Speech,SPCH 1101,
SCMA1000: INTRODUCTION TO SUPPLY CHAIN MANAGEMENT   ,Supply Chain Procurement,SCMA 1000,
SCMA1003: INTRODUCTION TO TRANSPORTATION AND LOGISTICS MANAGEMENT   ,Supply Chain Procurement,SCMA 1003,
SCMA1008: SUPPLY CHAIN MANAGEMENT OBI I,Supply Chain Procurement,SCMA 1008,
SCMA1009: SUPPLY CHAIN MANAGEMENT OBI II,Supply Chain Procurement,SCMA 1009,
SCMA1015: E-COMMERCE IN SUPPLY CHAIN MANAGEMENT   ,Supply Chain Procurement,SCMA 1015,
SCMA2103: SUPPLY CHAIN MANAGEMENT CONCEPTS   ,Supply Chain Procurement,SCMA 2103,
SCMA2105: PROCUREMENT METHODOLOGIES,Supply Chain Procurement,SCMA 2105,
SCMA2106: KEY ISSUES IN THE GLOBAL INTEGRATED SUPPLY CHAIN   ,Supply Chain Procurement,SCMA 2106,
SCMA2108: GLOBAL SOURCING,Supply Chain Procurement,SCMA 2108,
SCMA2200: CAPSTONE/CASE STUDIES IN LOGISTICS MANAGEMENT   ,Supply Chain Procurement,SCMA 2200,
WELD1000: INTRO. TO WELDING TECHNOLOGY   ,Welding and Joining,WELD 1000,
WELD1010: OXYFUEL CUTTING   ,Welding and Joining,WELD 1010,
WELD1030: BLUEPRINT READ/WELDING TECH   ,Welding and Joining,WELD 1030,
WELD1040: FLAT SHIELDED METAL ARC WELD   ,Welding and Joining,WELD 1040,
WELD1050: HORIZON SHIELDED METAL ARC WELD   ,Welding and Joining,WELD 1050,
WELD1060: VERT SHIELDED METAL ARC WELD   ,Welding and Joining,WELD 1060,
WELD1070: OVERHEAD SHIELD METAL ARC WELD   ,Welding and Joining,WELD 1070,
WELD1090: GAS METAL ARC WELDING   ,Welding and Joining,WELD 1090,
WELD1110: GAS TUNGSTEN ARC WELDING   ,Welding and Joining,WELD 1110,
WELD1120: PREPARATION/INDUSTRIAL QUALIFICATION ,Welding and Joining,WELD 1120,
WELD1150: ADVANCED GAS TUNGSTEN ARC WELDING,Welding and Joining,WELD 1150,
WELD1151: FABRICATION PROCESSES,Welding and Joining,WELD 1151,
WELD1152: PIPE WELDING,Welding and Joining,WELD 1152,
WELD1153: FLUX CORED ARC WELDING   ,Welding and Joining,WELD 1153,
WELD1154: PLASMA CUTTING,Welding and Joining,WELD 1154,
WELD1156: ORNAMENTAL IRON WORKS,Welding and Joining,WELD 1156,
WELD1330: METAL WELDING AND CUTTING TECHNIQUES,Welding and Joining,WELD 1330,
WELD1500: WELDING AND JOINING TECHNOLOGY PRACTICUM/INTERNSHIP,Welding and Joining,WELD 1500,
,,,
